{"iter":3,"dealer":[0.06836,0.07655,0.08105,0.06058,0.07491,0.06549,0.0966,0.09865,0.06877,0.03193,0.07777,0.06508,0.13426],"defender":[0.0835,0.06153,0.04274,0.04221,0.00357,0.06563,0.09501,0.09938,0.09607,0.11274,0.03785,0.10745,0.15231]}