{
  "generatedHands": 20000,
  "headsUp": {
    "dealer": {
      "mean": 16.653,
      "var": 29.5471,
      "pmf": [
        0,
        0,
        0.00005,
        0.0009,
        0.00125,
        0.0045,
        0.00735,
        0.01505,
        0.0174,
        0.032,
        0.0373,
        0.05545,
        0.05615,
        0.0724,
        0.0725,
        0.07815,
        0.0719,
        0.07175,
        0.0669,
        0.0607,
        0.05205,
        0.04855,
        0.0374,
        0.0303,
        0.02715,
        0.02065,
        0.0164,
        0.01265,
        0.00855,
        0.0069,
        0.00485,
        0.0031,
        0.00285,
        0.0019,
        0.0017,
        0.00095,
        0.0006,
        0.00065,
        0.0002,
        0.00015,
        0.00015,
        0.00015,
        0.00005,
        0.00025,
        0.0001,
        0,
        0,
        0,
        0,
        0,
        0,
        0,
        0.00005
      ]
    },
    "pone": {
      "mean": 10.7934,
      "var": 21.7427,
      "pmf": [
        0.00055,
        0.0013,
        0.0069,
        0.0179,
        0.03205,
        0.0549,
        0.05635,
        0.08315,
        0.0794,
        0.1104,
        0.08715,
        0.0824,
        0.0721,
        0.07245,
        0.04535,
        0.04635,
        0.0338,
        0.0301,
        0.0241,
        0.0163,
        0.0125,
        0.00875,
        0.0071,
        0.0051,
        0.00445,
        0.0031,
        0.00185,
        0.00085,
        0.0011,
        0.0005,
        0.00035,
        0.00065,
        0.00035,
        0.00015,
        0.00005,
        0.00005,
        0.00005,
        0,
        0.00005
      ]
    }
  },
  "general": {
    "2-2": {
      "target": 121,
      "deal": {
        "mean": 16.795,
        "var": 29.066
      },
      "def": {
        "mean": 10.832,
        "var": 21.986
      }
    },
    "3-3": {
      "target": 121,
      "deal": {
        "mean": 15.213,
        "var": 30.044
      },
      "def": {
        "mean": 9.312,
        "var": 19.405
      }
    },
    "4-4": {
      "target": 121,
      "deal": {
        "mean": 14.899,
        "var": 31.521
      },
      "def": {
        "mean": 9.756,
        "var": 19.827
      }
    },
    "4-2": {
      "target": 121,
      "deal": {
        "mean": 25.155,
        "var": 48.978
      },
      "def": {
        "mean": 19.53,
        "var": 39.66
      }
    },
    "5-5": {
      "target": 61,
      "deal": {
        "mean": 12.866,
        "var": 28.343
      },
      "def": {
        "mean": 9.935,
        "var": 20.021
      }
    },
    "6-6": {
      "target": 61,
      "deal": {
        "mean": 13.217,
        "var": 29.698
      },
      "def": {
        "mean": 9.685,
        "var": 20.321
      }
    },
    "6-3": {
      "target": 61,
      "deal": {
        "mean": 23.629,
        "var": 53.475
      },
      "def": {
        "mean": 18.951,
        "var": 39.862
      }
    },
    "6-2": {
      "target": 61,
      "deal": {
        "mean": 33.413,
        "var": 67.002
      },
      "def": {
        "mean": 28.146,
        "var": 57.098
      }
    }
  }
}